class_name,cbo,lcom,class_length,avg_method_length,avg_cyclomatic_complexity,dit,fan_in,fan_out,label
GodClass1,0,0.6666666666666666,37,3.111111111111111,1.4444444444444444,0,0,0,God Class
GodClass2,0,0.7843137254901961,41,1.2777777777777777,1.0,0,0,0,God Class
GodClass3,0,0.84,112,3.3076923076923075,1.5384615384615385,0,0,0,God Class
GodClass4,0,0.6,43,3.3,1.6,0,0,0,God Class
GodClass5,0,0.7516339869281046,40,1.2222222222222223,1.0,0,0,0,God Class
GodClass6,0,0.8707692307692307,115,3.423076923076923,1.5384615384615385,0,0,0,God Class
GodClass7,0,0.7894736842105263,43,1.263157894736842,1.0,0,0,0,God Class
GodClass8,0,0.7692307692307693,62,3.4285714285714284,1.5714285714285714,0,0,0,God Class
GodClass9,0,0.7794117647058824,71,3.176470588235294,1.4705882352941178,0,0,0,God Class
GodClass10,0,0.7904761904761904,47,1.2380952380952381,1.0,0,0,0,God Class
GodClass11,0,0.7362637362637363,32,1.2857142857142858,1.0,0,0,0,God Class
GodClass12,0,0.75,70,3.1176470588235294,1.4705882352941178,0,0,0,God Class
GodClass13,0,0.84,112,3.3076923076923075,1.5384615384615385,0,0,0,God Class
GodClass14,0,0.7904761904761904,87,3.142857142857143,1.4761904761904763,0,0,0,God Class
GodClass15,0,0.8105263157894737,85,3.25,1.5,0,0,0,God Class
GodClass16,0,0.6,43,3.3,1.6,0,0,0,God Class
GodClass17,0,0.6,46,3.1818181818181817,1.5454545454545454,0,0,0,God Class
GodClass18,0,0.8285714285714286,89,3.238095238095238,1.4761904761904763,0,0,0,God Class
GodClass19,0,0.8105263157894737,85,3.25,1.5,0,0,0,God Class
GodClass20,0,0.8014705882352942,40,1.3529411764705883,1.0,0,0,0,God Class
GodClass21,0,0.7272727272727273,48,3.3636363636363638,1.5454545454545454,0,0,0,God Class
GodClass22,0,0.8523076923076923,113,3.3461538461538463,1.5384615384615385,0,0,0,God Class
GodClass23,0,0.8458498023715415,54,1.3478260869565217,1.0,0,0,0,God Class
GodClass24,0,0.8523076923076923,113,3.3461538461538463,1.5384615384615385,0,0,0,God Class
GodClass25,0,0.6,43,3.3,1.6,0,0,0,God Class
GodClass26,0,0.8421052631578947,84,3.4210526315789473,1.5263157894736843,0,0,0,God Class
GodClass27,0,0.8014705882352942,40,1.3529411764705883,1.0,0,0,0,God Class
GodClass28,0,0.8707692307692307,62,1.3846153846153846,1.0,0,0,0,God Class
GodClass29,0,0.83399209486166,99,3.3043478260869565,1.5217391304347827,0,0,0,God Class
GodClass30,0,0.803921568627451,42,1.3333333333333333,1.0,0,0,0,God Class
GodClass31,0,0.8571428571428571,98,3.4545454545454546,1.5454545454545454,0,0,0,God Class
GodClass32,0,0.8,36,1.4,1.0,0,0,0,God Class
GodClass33,0,0.6060606060606061,26,1.1666666666666667,1.0,0,0,0,God Class
GodClass34,0,0.8,38,1.375,1.0,0,0,0,God Class
GodClass35,0,0.6727272727272727,47,3.272727272727273,1.5454545454545454,0,0,0,God Class
GodClass36,0,0.88,61,1.44,1.0,0,0,0,God Class
GodClass37,0,0.7272727272727273,26,1.3636363636363635,1.0,0,0,0,God Class
GodClass38,0,0.8615384615384616,114,3.3846153846153846,1.5384615384615385,0,0,0,God Class
GodClass39,0,0.7894736842105263,81,3.263157894736842,1.5263157894736843,0,0,0,God Class
GodClass40,0,0.775,37,1.3125,1.0,0,0,0,God Class
GodClass41,0,0.8070175438596491,44,1.3157894736842106,1.0,0,0,0,God Class
GodClass42,0,0.7272727272727273,51,3.25,1.5,0,0,0,God Class
GodClass43,0,0.7794117647058824,39,1.2941176470588236,1.0,0,0,0,God Class
GodClass44,0,0.8,38,1.375,1.0,0,0,0,God Class
GodClass45,0,0.84,105,3.2,1.48,0,0,0,God Class
GodClass46,0,0.8188405797101449,101,3.2083333333333335,1.5,0,0,0,God Class
GodClass47,0,0.8441558441558441,52,1.3636363636363635,1.0,0,0,0,God Class
GodClass48,0,0.7516339869281046,40,1.2222222222222223,1.0,0,0,0,God Class
GodClass49,0,0.84,59,1.2692307692307692,1.0,0,0,0,God Class
GodClass50,0,0.8523076923076923,113,3.3461538461538463,1.5384615384615385,0,0,0,God Class
GodClass51,0,0.88,63,1.4230769230769231,1.0,0,0,0,God Class
GodClass52,0,0.8369565217391305,55,1.2916666666666667,1.0,0,0,0,God Class
GodClass53,0,0.7714285714285715,65,3.3333333333333335,1.5333333333333334,0,0,0,God Class
GodClass54,0,0.8571428571428571,53,1.4090909090909092,1.0,0,0,0,God Class
GodClass55,0,0.8181818181818182,98,3.260869565217391,1.5217391304347827,0,0,0,God Class
GodClass56,0,0.7307692307692307,30,1.3076923076923077,1.0,0,0,0,God Class
GodClass57,0,0.7843137254901961,41,1.2777777777777777,1.0,0,0,0,God Class
GodClass58,0,0.6060606060606061,26,1.1666666666666667,1.0,0,0,0,God Class
GodClass59,0,0.6818181818181818,27,1.25,1.0,0,0,0,God Class
GodClass60,0,0.803921568627451,42,1.3333333333333333,1.0,0,0,0,God Class
GodClass61,0,0.7428571428571429,64,3.2666666666666666,1.5333333333333334,0,0,0,God Class
GodClass62,0,0.8369565217391305,102,3.25,1.5,0,0,0,God Class
GodClass63,0,0.8311688311688312,96,3.3636363636363638,1.5454545454545454,0,0,0,God Class
GodClass64,0,0.8478260869565217,56,1.3333333333333333,1.0,0,0,0,God Class
GodClass65,0,0.8181818181818182,98,3.260869565217391,1.5217391304347827,0,0,0,God Class
GodClass66,0,0.6060606060606061,49,3.0833333333333335,1.5,0,0,0,God Class
GodClass67,0,0.7894736842105263,81,3.263157894736842,1.5263157894736843,0,0,0,God Class
GodClass68,0,0.8235294117647058,41,1.411764705882353,1.0,0,0,0,God Class
GodClass69,0,0.775,37,1.3125,1.0,0,0,0,God Class
GodClass70,0,0.6727272727272727,47,3.272727272727273,1.5454545454545454,0,0,0,God Class
GodClass71,0,0.84,112,3.3076923076923075,1.5384615384615385,0,0,0,God Class
GodClass72,0,0.6,24,1.1818181818181819,1.0,0,0,0,God Class
GodClass73,0,0.75,67,3.1875,1.5,0,0,0,God Class
GodClass74,0,0.8369565217391305,102,3.25,1.5,0,0,0,God Class
GodClass75,0,0.6,43,3.3,1.6,0,0,0,God Class
GodClass76,0,0.8458498023715415,54,1.3478260869565217,1.0,0,0,0,God Class
GodClass77,0,0.8458498023715415,100,3.347826086956522,1.5217391304347827,0,0,0,God Class
GodClass78,0,0.8707692307692307,115,3.423076923076923,1.5384615384615385,0,0,0,God Class
GodClass79,0,0.8105263157894737,46,1.3,1.0,0,0,0,God Class
GodClass80,0,0.84,112,3.3076923076923075,1.5384615384615385,0,0,0,God Class
LongMethod81,0,0.0,62,7.0,5.571428571428571,0,0,0,Long Method
LongMethod82,0,0.0,36,5.4,4.2,0,0,0,Long Method
LongMethod83,0,0.0,65,6.25,5.0,0,0,0,Long Method
LongMethod84,0,0.0,59,8.0,6.333333333333333,0,0,0,Long Method
LongMethod85,0,0.0,36,5.4,4.2,0,0,0,Long Method
LongMethod86,0,0.0,36,5.4,4.2,0,0,0,Long Method
LongMethod87,0,0.0,56,9.4,7.4,0,0,0,Long Method
LongMethod88,0,0.0,59,8.0,6.333333333333333,0,0,0,Long Method
LongMethod89,0,0.0,46,7.4,5.8,0,0,0,Long Method
LongMethod90,0,0.0,59,8.0,6.333333333333333,0,0,0,Long Method
LongMethod91,0,0.0,56,9.4,7.4,0,0,0,Long Method
LongMethod92,0,0.0,56,9.4,7.4,0,0,0,Long Method
LongMethod93,0,0.0,52,5.571428571428571,4.428571428571429,0,0,0,Long Method
LongMethod94,0,0.0,49,6.333333333333333,5.0,0,0,0,Long Method
LongMethod95,0,0.0,62,7.0,5.571428571428571,0,0,0,Long Method
LongMethod96,0,0.0,42,4.142857142857143,3.2857142857142856,0,0,0,Long Method
LongMethod97,0,0.0,49,6.333333333333333,5.0,0,0,0,Long Method
LongMethod98,0,0.0,62,7.0,5.571428571428571,0,0,0,Long Method
LongMethod99,0,0.0,52,5.571428571428571,4.428571428571429,0,0,0,Long Method
LongMethod100,0,0.0,36,5.4,4.2,0,0,0,Long Method
LongMethod101,0,0.0,46,7.4,5.8,0,0,0,Long Method
LongMethod102,0,0.0,39,4.666666666666667,3.6666666666666665,0,0,0,Long Method
LongMethod103,0,0.0,62,7.0,5.571428571428571,0,0,0,Long Method
LongMethod104,0,0.0,42,4.142857142857143,3.2857142857142856,0,0,0,Long Method
LongMethod105,0,0.0,47,22.0,17.0,0,0,0,Long Method
LongMethod106,0,0.0,57,27.0,21.0,0,0,0,Long Method
LongMethod107,0,0.0,67,32.0,25.0,0,0,0,Long Method
LongMethod108,0,0.0,67,32.0,25.0,0,0,0,Long Method
LongMethod109,0,0.0,57,27.0,21.0,0,0,0,Long Method
LongMethod110,0,0.0,77,37.0,29.0,0,0,0,Long Method
LongMethod111,0,0.0,87,42.0,33.0,0,0,0,Long Method
LongMethod112,0,0.0,67,32.0,25.0,0,0,0,Long Method
LongMethod113,0,0.0,87,42.0,33.0,0,0,0,Long Method
LongMethod114,0,0.0,87,42.0,33.0,0,0,0,Long Method
LongMethod115,0,0.0,47,22.0,17.0,0,0,0,Long Method
LongMethod116,0,0.0,87,42.0,33.0,0,0,0,Long Method
LongMethod117,0,0.0,67,32.0,25.0,0,0,0,Long Method
LongMethod118,0,0.0,47,22.0,17.0,0,0,0,Long Method
LongMethod119,0,0.0,57,27.0,21.0,0,0,0,Long Method
LongMethod120,0,0.0,67,32.0,25.0,0,0,0,Long Method
LongMethod121,0,0.0,47,22.0,17.0,0,0,0,Long Method
LongMethod122,0,0.0,47,22.0,17.0,0,0,0,Long Method
LongMethod123,0,0.0,87,42.0,33.0,0,0,0,Long Method
LongMethod124,0,0.0,57,27.0,21.0,0,0,0,Long Method
LongMethod125,0,0.0,67,32.0,25.0,0,0,0,Long Method
LongMethod126,0,0.0,67,32.0,25.0,0,0,0,Long Method
LongMethod127,0,0.0,87,42.0,33.0,0,0,0,Long Method
LongMethod128,0,0.0,57,27.0,21.0,0,0,0,Long Method
LongMethod129,0,0.0,67,32.0,25.0,0,0,0,Long Method
LongMethod130,0,0.0,57,27.0,21.0,0,0,0,Long Method
LongMethod131,0,0.0,67,32.0,25.0,0,0,0,Long Method
LongMethod132,0,0.0,87,42.0,33.0,0,0,0,Long Method
LongMethod133,0,0.0,77,37.0,29.0,0,0,0,Long Method
LongMethod134,0,0.0,67,32.0,25.0,0,0,0,Long Method
LongMethod135,0,0.0,47,22.0,17.0,0,0,0,Long Method
LongMethod136,0,0.0,47,22.0,17.0,0,0,0,Long Method
LongMethod137,0,0.0,77,37.0,29.0,0,0,0,Long Method
LongMethod138,0,0.0,67,32.0,25.0,0,0,0,Long Method
LongMethod139,0,0.0,47,22.0,17.0,0,0,0,Long Method
LongMethod140,0,0.0,47,22.0,17.0,0,0,0,Long Method
LongMethod141,0,0.0,67,32.0,25.0,0,0,0,Long Method
LongMethod142,0,0.0,57,27.0,21.0,0,0,0,Long Method
LongMethod143,0,0.0,67,32.0,25.0,0,0,0,Long Method
LongMethod144,0,0.0,57,27.0,21.0,0,0,0,Long Method
LongMethod145,0,0.0,77,37.0,29.0,0,0,0,Long Method
LongMethod146,0,0.0,87,42.0,33.0,0,0,0,Long Method
LongMethod147,0,0.0,77,37.0,29.0,0,0,0,Long Method
LongMethod148,0,0.0,87,42.0,33.0,0,0,0,Long Method
LongMethod149,0,0.0,47,22.0,17.0,0,0,0,Long Method
LongMethod150,0,0.0,47,22.0,17.0,0,0,0,Long Method
LongMethod151,0,0.0,47,22.0,17.0,0,0,0,Long Method
LongMethod152,0,0.0,57,27.0,21.0,0,0,0,Long Method
LongMethod153,0,0.0,87,42.0,33.0,0,0,0,Long Method
LongMethod154,0,0.0,47,22.0,17.0,0,0,0,Long Method
LongMethod155,0,0.0,67,32.0,25.0,0,0,0,Long Method
LongMethod156,0,0.0,87,42.0,33.0,0,0,0,Long Method
LongMethod157,0,0.0,87,42.0,33.0,0,0,0,Long Method
LongMethod158,0,0.0,57,27.0,21.0,0,0,0,Long Method
LongMethod159,0,0.0,77,37.0,29.0,0,0,0,Long Method
LongMethod160,0,0.0,57,27.0,21.0,0,0,0,Long Method
Envier161,0,0.3333333333333333,16,3.6666666666666665,1.0,0,0,2,Feature Envy
Envier162,0,0.3333333333333333,17,4.0,1.0,0,0,3,Feature Envy
Envier163,0,0.3333333333333333,17,4.0,1.0,0,0,3,Feature Envy
Envier164,0,0.3333333333333333,16,3.6666666666666665,1.0,0,0,2,Feature Envy
Envier165,0,0.3333333333333333,17,4.0,1.0,0,0,3,Feature Envy
Envier166,0,0.3333333333333333,16,3.6666666666666665,1.0,0,0,2,Feature Envy
Envier167,0,0.3333333333333333,16,3.6666666666666665,1.0,0,0,2,Feature Envy
Envier168,0,0.3333333333333333,16,3.6666666666666665,1.0,0,0,2,Feature Envy
Envier169,0,0.3333333333333333,17,4.0,1.0,0,0,3,Feature Envy
Envier170,0,0.3333333333333333,17,4.0,1.0,0,0,3,Feature Envy
Envier171,0,0.3333333333333333,16,3.6666666666666665,1.0,0,0,2,Feature Envy
Envier172,0,0.3333333333333333,16,3.6666666666666665,1.0,0,0,2,Feature Envy
Envier173,0,0.3333333333333333,16,3.6666666666666665,1.0,0,0,2,Feature Envy
Envier174,0,0.3333333333333333,16,3.6666666666666665,1.0,0,0,2,Feature Envy
Envier175,0,0.3333333333333333,17,4.0,1.0,0,0,3,Feature Envy
Envier176,0,0.3333333333333333,16,3.6666666666666665,1.0,0,0,2,Feature Envy
Envier177,0,0.3333333333333333,16,3.6666666666666665,1.0,0,0,2,Feature Envy
Envier178,0,0.3333333333333333,17,4.0,1.0,0,0,3,Feature Envy
Envier179,0,0.3333333333333333,17,4.0,1.0,0,0,3,Feature Envy
Envier180,0,0.3333333333333333,16,3.6666666666666665,1.0,0,0,2,Feature Envy
Envier181,0,0.3333333333333333,17,4.0,1.0,0,0,3,Feature Envy
Envier182,0,0.3333333333333333,16,3.6666666666666665,1.0,0,0,2,Feature Envy
Envier183,0,0.3333333333333333,16,3.6666666666666665,1.0,0,0,2,Feature Envy
Envier184,0,0.3333333333333333,17,4.0,1.0,0,0,3,Feature Envy
Envier185,0,0.0,10,3.5,1.0,0,0,3,Feature Envy
Envier186,0,0.0,13,5.0,1.0,0,0,6,Feature Envy
Envier187,0,0.0,11,4.0,1.0,0,0,4,Feature Envy
Envier188,0,0.0,11,4.0,1.0,0,0,4,Feature Envy
Envier189,0,0.0,13,5.0,1.0,0,0,6,Feature Envy
Envier190,0,0.0,12,4.5,1.0,0,0,5,Feature Envy
Envier191,0,0.0,12,4.5,1.0,0,0,5,Feature Envy
Envier192,0,0.0,11,4.0,1.0,0,0,4,Feature Envy
Envier193,0,0.0,11,4.0,1.0,0,0,4,Feature Envy
Envier194,0,0.0,10,3.5,1.0,0,0,3,Feature Envy
Envier195,0,0.0,11,4.0,1.0,0,0,4,Feature Envy
Envier196,0,0.0,13,5.0,1.0,0,0,6,Feature Envy
Envier197,0,0.0,12,4.5,1.0,0,0,5,Feature Envy
Envier198,0,0.0,12,4.5,1.0,0,0,5,Feature Envy
Envier199,0,0.0,10,3.5,1.0,0,0,3,Feature Envy
Envier200,0,0.0,12,4.5,1.0,0,0,5,Feature Envy
Envier201,0,0.0,12,4.5,1.0,0,0,5,Feature Envy
Envier202,0,0.0,13,5.0,1.0,0,0,6,Feature Envy
Envier203,0,0.0,12,4.5,1.0,0,0,5,Feature Envy
Envier204,0,0.0,10,3.5,1.0,0,0,3,Feature Envy
Envier205,0,0.0,10,3.5,1.0,0,0,3,Feature Envy
Envier206,0,0.0,12,4.5,1.0,0,0,5,Feature Envy
Envier207,0,0.0,11,4.0,1.0,0,0,4,Feature Envy
Envier208,0,0.0,12,4.5,1.0,0,0,5,Feature Envy
Envier209,0,0.0,10,3.5,1.0,0,0,3,Feature Envy
Envier210,0,0.0,10,3.5,1.0,0,0,3,Feature Envy
Envier211,0,0.0,13,5.0,1.0,0,0,6,Feature Envy
Envier212,0,0.0,12,4.5,1.0,0,0,5,Feature Envy
Envier213,0,0.0,12,4.5,1.0,0,0,5,Feature Envy
Envier214,0,0.0,13,5.0,1.0,0,0,6,Feature Envy
Envier215,0,0.0,10,3.5,1.0,0,0,3,Feature Envy
Envier216,0,0.0,13,5.0,1.0,0,0,6,Feature Envy
Envier217,0,0.0,11,4.0,1.0,0,0,4,Feature Envy
Envier218,0,0.0,12,4.5,1.0,0,0,5,Feature Envy
Envier219,0,0.0,10,3.5,1.0,0,0,3,Feature Envy
Envier220,0,0.0,13,5.0,1.0,0,0,6,Feature Envy
Envier221,0,0.0,10,3.5,1.0,0,0,3,Feature Envy
Envier222,0,0.0,11,4.0,1.0,0,0,4,Feature Envy
Envier223,0,0.0,12,4.5,1.0,0,0,5,Feature Envy
Envier224,0,0.0,13,5.0,1.0,0,0,6,Feature Envy
Envier225,0,0.0,10,3.5,1.0,0,0,3,Feature Envy
Envier226,0,0.0,12,4.5,1.0,0,0,5,Feature Envy
Envier227,0,0.0,12,4.5,1.0,0,0,5,Feature Envy
Envier228,0,0.0,10,3.5,1.0,0,0,3,Feature Envy
Envier229,0,0.0,12,4.5,1.0,0,0,5,Feature Envy
Envier230,0,0.0,12,4.5,1.0,0,0,5,Feature Envy
Envier231,0,0.0,13,5.0,1.0,0,0,6,Feature Envy
Envier232,0,0.0,12,4.5,1.0,0,0,5,Feature Envy
Envier233,0,0.0,13,5.0,1.0,0,0,6,Feature Envy
Envier234,0,0.0,12,4.5,1.0,0,0,5,Feature Envy
Envier235,0,0.0,11,4.0,1.0,0,0,4,Feature Envy
Envier236,0,0.0,11,4.0,1.0,0,0,4,Feature Envy
Envier237,0,0.0,13,5.0,1.0,0,0,6,Feature Envy
Envier238,0,0.0,13,5.0,1.0,0,0,6,Feature Envy
Envier239,0,0.0,11,4.0,1.0,0,0,4,Feature Envy
Envier240,0,0.0,12,4.5,1.0,0,0,5,Feature Envy
DataRecord241,0,0.7833333333333333,56,2.5,1.5625,0,0,0,Data Class
DataRecord242,0,0.8104575163398693,63,2.5,1.5555555555555556,0,0,0,Data Class
DataRecord243,0,0.6222222222222222,35,2.5,1.6,0,0,0,Data Class
DataRecord244,0,0.7472527472527473,49,2.5,1.5714285714285714,0,0,0,Data Class
DataRecord245,0,0.7472527472527473,49,2.5,1.5714285714285714,0,0,0,Data Class
DataRecord246,0,0.696969696969697,42,2.5,1.5833333333333333,0,0,0,Data Class
DataRecord247,0,0.7833333333333333,56,2.5,1.5625,0,0,0,Data Class
DataRecord248,0,0.8104575163398693,63,2.5,1.5555555555555556,0,0,0,Data Class
DataRecord249,0,0.8104575163398693,63,2.5,1.5555555555555556,0,0,0,Data Class
DataRecord250,0,0.7472527472527473,49,2.5,1.5714285714285714,0,0,0,Data Class
DataRecord251,0,0.7833333333333333,56,2.5,1.5625,0,0,0,Data Class
DataRecord252,0,0.7833333333333333,56,2.5,1.5625,0,0,0,Data Class
DataRecord253,0,0.7833333333333333,56,2.5,1.5625,0,0,0,Data Class
DataRecord254,0,0.696969696969697,42,2.5,1.5833333333333333,0,0,0,Data Class
DataRecord255,0,0.8104575163398693,63,2.5,1.5555555555555556,0,0,0,Data Class
DataRecord256,0,0.7833333333333333,56,2.5,1.5625,0,0,0,Data Class
DataRecord257,0,0.696969696969697,42,2.5,1.5833333333333333,0,0,0,Data Class
DataRecord258,0,0.6222222222222222,35,2.5,1.6,0,0,0,Data Class
DataRecord259,0,0.7472527472527473,49,2.5,1.5714285714285714,0,0,0,Data Class
DataRecord260,0,0.8104575163398693,63,2.5,1.5555555555555556,0,0,0,Data Class
DataRecord261,0,0.8104575163398693,63,2.5,1.5555555555555556,0,0,0,Data Class
DataRecord262,0,0.7472527472527473,49,2.5,1.5714285714285714,0,0,0,Data Class
DataRecord263,0,0.6222222222222222,35,2.5,1.6,0,0,0,Data Class
DataRecord264,0,0.696969696969697,42,2.5,1.5833333333333333,0,0,0,Data Class
DataRecord265,0,0.7692307692307693,31,1.3846153846153846,1.0,0,0,0,Data Class
DataRecord266,0,0.7272727272727273,26,1.3636363636363635,1.0,0,0,0,Data Class
DataRecord267,0,0.7272727272727273,26,1.3636363636363635,1.0,0,0,0,Data Class
DataRecord268,0,0.7272727272727273,26,1.3636363636363635,1.0,0,0,0,Data Class
DataRecord269,0,0.6666666666666666,21,1.3333333333333333,1.0,0,0,0,Data Class
DataRecord270,0,0.6666666666666666,21,1.3333333333333333,1.0,0,0,0,Data Class
DataRecord271,0,0.7272727272727273,26,1.3636363636363635,1.0,0,0,0,Data Class
DataRecord272,0,0.8,36,1.4,1.0,0,0,0,Data Class
DataRecord273,0,0.8235294117647058,41,1.411764705882353,1.0,0,0,0,Data Class
DataRecord274,0,0.6666666666666666,21,1.3333333333333333,1.0,0,0,0,Data Class
DataRecord275,0,0.8,36,1.4,1.0,0,0,0,Data Class
DataRecord276,0,0.8,36,1.4,1.0,0,0,0,Data Class
DataRecord277,0,0.8235294117647058,41,1.411764705882353,1.0,0,0,0,Data Class
DataRecord278,0,0.7272727272727273,26,1.3636363636363635,1.0,0,0,0,Data Class
DataRecord279,0,0.8,36,1.4,1.0,0,0,0,Data Class
DataRecord280,0,0.8,36,1.4,1.0,0,0,0,Data Class
DataRecord281,0,0.8,36,1.4,1.0,0,0,0,Data Class
DataRecord282,0,0.7272727272727273,26,1.3636363636363635,1.0,0,0,0,Data Class
DataRecord283,0,0.7272727272727273,26,1.3636363636363635,1.0,0,0,0,Data Class
DataRecord284,0,0.6666666666666666,21,1.3333333333333333,1.0,0,0,0,Data Class
DataRecord285,0,0.6666666666666666,21,1.3333333333333333,1.0,0,0,0,Data Class
DataRecord286,0,0.8,36,1.4,1.0,0,0,0,Data Class
DataRecord287,0,0.7272727272727273,26,1.3636363636363635,1.0,0,0,0,Data Class
DataRecord288,0,0.7272727272727273,26,1.3636363636363635,1.0,0,0,0,Data Class
DataRecord289,0,0.8235294117647058,41,1.411764705882353,1.0,0,0,0,Data Class
DataRecord290,0,0.8,36,1.4,1.0,0,0,0,Data Class
DataRecord291,0,0.6666666666666666,21,1.3333333333333333,1.0,0,0,0,Data Class
DataRecord292,0,0.8235294117647058,41,1.411764705882353,1.0,0,0,0,Data Class
DataRecord293,0,0.7272727272727273,26,1.3636363636363635,1.0,0,0,0,Data Class
DataRecord294,0,0.6666666666666666,21,1.3333333333333333,1.0,0,0,0,Data Class
DataRecord295,0,0.8,36,1.4,1.0,0,0,0,Data Class
DataRecord296,0,0.7272727272727273,26,1.3636363636363635,1.0,0,0,0,Data Class
DataRecord297,0,0.8,36,1.4,1.0,0,0,0,Data Class
DataRecord298,0,0.8235294117647058,41,1.411764705882353,1.0,0,0,0,Data Class
DataRecord299,0,0.8235294117647058,41,1.411764705882353,1.0,0,0,0,Data Class
DataRecord300,0,0.8235294117647058,41,1.411764705882353,1.0,0,0,0,Data Class
DataRecord301,0,0.7692307692307693,31,1.3846153846153846,1.0,0,0,0,Data Class
DataRecord302,0,0.8,36,1.4,1.0,0,0,0,Data Class
DataRecord303,0,0.8235294117647058,41,1.411764705882353,1.0,0,0,0,Data Class
DataRecord304,0,0.8235294117647058,41,1.411764705882353,1.0,0,0,0,Data Class
DataRecord305,0,0.8,36,1.4,1.0,0,0,0,Data Class
DataRecord306,0,0.8235294117647058,41,1.411764705882353,1.0,0,0,0,Data Class
DataRecord307,0,0.8,36,1.4,1.0,0,0,0,Data Class
DataRecord308,0,0.7272727272727273,26,1.3636363636363635,1.0,0,0,0,Data Class
DataRecord309,0,0.8,36,1.4,1.0,0,0,0,Data Class
DataRecord310,0,0.8,36,1.4,1.0,0,0,0,Data Class
DataRecord311,0,0.7692307692307693,31,1.3846153846153846,1.0,0,0,0,Data Class
DataRecord312,0,0.7272727272727273,26,1.3636363636363635,1.0,0,0,0,Data Class
DataRecord313,0,0.7692307692307693,31,1.3846153846153846,1.0,0,0,0,Data Class
DataRecord314,0,0.8235294117647058,41,1.411764705882353,1.0,0,0,0,Data Class
DataRecord315,0,0.8,36,1.4,1.0,0,0,0,Data Class
DataRecord316,0,0.7272727272727273,26,1.3636363636363635,1.0,0,0,0,Data Class
DataRecord317,0,0.7692307692307693,31,1.3846153846153846,1.0,0,0,0,Data Class
DataRecord318,0,0.8,36,1.4,1.0,0,0,0,Data Class
DataRecord319,0,0.6666666666666666,21,1.3333333333333333,1.0,0,0,0,Data Class
DataRecord320,0,0.7692307692307693,31,1.3846153846153846,1.0,0,0,0,Data Class
Clean321,0,0.0,28,2.8333333333333335,1.6666666666666667,0,0,0,Clean
Clean322,0,0.0,28,2.8333333333333335,1.6666666666666667,0,0,0,Clean
Clean323,0,0.0,28,2.8333333333333335,1.6666666666666667,0,0,0,Clean
Clean324,0,0.0,28,2.8333333333333335,1.6666666666666667,0,0,0,Clean
Clean325,0,0.0,28,2.8333333333333335,1.6666666666666667,0,0,0,Clean
Clean326,0,0.0,28,2.8333333333333335,1.6666666666666667,0,0,0,Clean
Clean327,0,0.0,28,2.8333333333333335,1.6666666666666667,0,0,0,Clean
Clean328,0,0.0,28,2.8333333333333335,1.6666666666666667,0,0,0,Clean
Clean329,0,0.0,28,2.8333333333333335,1.6666666666666667,0,0,0,Clean
Clean330,0,0.0,28,2.8333333333333335,1.6666666666666667,0,0,0,Clean
Clean331,0,0.0,28,2.8333333333333335,1.6666666666666667,0,0,0,Clean
Clean332,0,0.0,28,2.8333333333333335,1.6666666666666667,0,0,0,Clean
Clean333,0,0.0,28,2.8333333333333335,1.6666666666666667,0,0,0,Clean
Clean334,0,0.0,28,2.8333333333333335,1.6666666666666667,0,0,0,Clean
Clean335,0,0.0,28,2.8333333333333335,1.6666666666666667,0,0,0,Clean
Clean336,0,0.0,28,2.8333333333333335,1.6666666666666667,0,0,0,Clean
Clean337,0,0.0,28,2.8333333333333335,1.6666666666666667,0,0,0,Clean
Clean338,0,0.0,28,2.8333333333333335,1.6666666666666667,0,0,0,Clean
Clean339,0,0.0,28,2.8333333333333335,1.6666666666666667,0,0,0,Clean
Clean340,0,0.0,28,2.8333333333333335,1.6666666666666667,0,0,0,Clean
Clean341,0,0.0,28,2.8333333333333335,1.6666666666666667,0,0,0,Clean
Clean342,0,0.0,28,2.8333333333333335,1.6666666666666667,0,0,0,Clean
Clean343,0,0.0,28,2.8333333333333335,1.6666666666666667,0,0,0,Clean
Clean344,0,0.0,28,2.8333333333333335,1.6666666666666667,0,0,0,Clean
Clean345,0,0.0,14,1.75,1.0,0,0,0,Clean
Clean346,0,0.0,14,1.75,1.0,0,0,0,Clean
Clean347,0,0.0,14,1.75,1.0,0,0,0,Clean
Clean348,0,0.0,14,1.75,1.0,0,0,0,Clean
Clean349,0,0.0,14,1.75,1.0,0,0,0,Clean
Clean350,0,0.0,14,1.75,1.0,0,0,0,Clean
Clean351,0,0.0,14,1.75,1.0,0,0,0,Clean
Clean352,0,0.0,14,1.75,1.0,0,0,0,Clean
Clean353,0,0.0,14,1.75,1.0,0,0,0,Clean
Clean354,0,0.0,14,1.75,1.0,0,0,0,Clean
Clean355,0,0.0,14,1.75,1.0,0,0,0,Clean
Clean356,0,0.0,14,1.75,1.0,0,0,0,Clean
Clean357,0,0.0,14,1.75,1.0,0,0,0,Clean
Clean358,0,0.0,14,1.75,1.0,0,0,0,Clean
Clean359,0,0.0,14,1.75,1.0,0,0,0,Clean
Clean360,0,0.0,14,1.75,1.0,0,0,0,Clean
Clean361,0,0.0,14,1.75,1.0,0,0,0,Clean
Clean362,0,0.0,14,1.75,1.0,0,0,0,Clean
Clean363,0,0.0,14,1.75,1.0,0,0,0,Clean
Clean364,0,0.0,14,1.75,1.0,0,0,0,Clean
Clean365,0,0.0,14,1.75,1.0,0,0,0,Clean
Clean366,0,0.0,14,1.75,1.0,0,0,0,Clean
Clean367,0,0.0,14,1.75,1.0,0,0,0,Clean
Clean368,0,0.0,14,1.75,1.0,0,0,0,Clean
Clean369,0,0.0,14,1.75,1.0,0,0,0,Clean
Clean370,0,0.0,14,1.75,1.0,0,0,0,Clean
Clean371,0,0.0,14,1.75,1.0,0,0,0,Clean
Clean372,0,0.0,14,1.75,1.0,0,0,0,Clean
Clean373,0,0.0,14,1.75,1.0,0,0,0,Clean
Clean374,0,0.0,14,1.75,1.0,0,0,0,Clean
Clean375,0,0.0,14,1.75,1.0,0,0,0,Clean
Clean376,0,0.0,14,1.75,1.0,0,0,0,Clean
Clean377,0,0.0,14,1.75,1.0,0,0,0,Clean
Clean378,0,0.0,14,1.75,1.0,0,0,0,Clean
Clean379,0,0.0,14,1.75,1.0,0,0,0,Clean
Clean380,0,0.0,14,1.75,1.0,0,0,0,Clean
Clean381,0,0.0,14,1.75,1.0,0,0,0,Clean
Clean382,0,0.0,14,1.75,1.0,0,0,0,Clean
Clean383,0,0.0,14,1.75,1.0,0,0,0,Clean
Clean384,0,0.0,14,1.75,1.0,0,0,0,Clean
Clean385,0,0.0,14,1.75,1.0,0,0,0,Clean
Clean386,0,0.0,14,1.75,1.0,0,0,0,Clean
Clean387,0,0.0,14,1.75,1.0,0,0,0,Clean
Clean388,0,0.0,14,1.75,1.0,0,0,0,Clean
Clean389,0,0.0,14,1.75,1.0,0,0,0,Clean
Clean390,0,0.0,14,1.75,1.0,0,0,0,Clean
Clean391,0,0.0,14,1.75,1.0,0,0,0,Clean
Clean392,0,0.0,14,1.75,1.0,0,0,0,Clean
Clean393,0,0.0,14,1.75,1.0,0,0,0,Clean
Clean394,0,0.0,14,1.75,1.0,0,0,0,Clean
Clean395,0,0.0,14,1.75,1.0,0,0,0,Clean
Clean396,0,0.0,14,1.75,1.0,0,0,0,Clean
Clean397,0,0.0,14,1.75,1.0,0,0,0,Clean
Clean398,0,0.0,14,1.75,1.0,0,0,0,Clean
Clean399,0,0.0,14,1.75,1.0,0,0,0,Clean
Clean400,0,0.0,14,1.75,1.0,0,0,0,Clean
